<?xml version="1.0" encoding="UTF-8" ?>
<!DOCTYPE mapper PUBLIC "-//mybatis.org//DTD Mapper
3.0//EN"
        "http://mybatis.org/dtd/mybatis-3-mapper.dtd">
<!-- MemberMapper인터페이스의 "패키지명.클래스명" ==>를 namespace에 기술해야함 -->
<mapper namespace="com.kosmo.user.mapper.MemberMapper">
    <!-- 각 엘리먼트의 id는 MemberMapper인터페이스의 메서드명으로 주어야 한다
        resources/config/mybatis-config.xml에
        com.kosmo.user.domain.MemberDTO 타입의 별칭을 Member로 설정했음
    -->
    <insert id="insertMember" parameterType="Member">
        insert into member(idx,name,userId,userPw,email,mstate,indate)
        values(member_seq.nextval, #{name},#{userId},#{userPw},
        #{email:VARCHAR},1,sysdate)
    </insert>
    <sql id="all_columns">
        idx,name,userId,userPw,email,
        mstate, indate,
        decode(mstate,1,'활동회원',0,'정지회원',-1,'탈퇴회원',9,'관리자') mstateStr
    </sql>
    <!-- select 할때는 resultType을 기술해줘야 함
        ArrayList<MemberDTO> 에 담겨오지만
        resultType을 기술할 때는 Generic에 기술한 타입(MemberDTO)을 써줘야 함
     -->
    <select id="listMember" resultType="com.kosmo.user.domain.MemberDTO">
        select 
        <include refid="all_columns"/>
        from member order by idx asc
    </select>

    <select id="findMemberByIdx" resultType="Member" parameterType="_int">
        select
        <include refid="all_columns"/>
        from member where idx=#{value}
    </select>
<!-- 탈퇴회원을 제외한 memberView를 생성하여 로그인 할 때 사용하자
****************************************************************
        create or replace view memberView
        as
        select m.*,
        decode(mstate,0,'정지회원',1,'활동회원',9,'관리자') mstateStr
        from member m
        where m.mstate >-1;
****************************************************************
-->
    <select id="findMemberByUserId" resultType="Member" parameterType="string">
        select
        <include refid="all_columns"/>
        from memberView where userId=#{value}
    </select>

    <update id="updateMember" parameterType="Member">
            update member set name=#{name}, userId=#{userId},
            email=#{email:VARCHAR}, mstate=#{mstate} where idx=#{idx}
    </update>

    <delete id="deleteMemberByIdx" parameterType="_int">
         delete from member where idx=#{value}
    </delete>
</mapper>
